Total, Raycast, Update_cache, Inflation, PointCloudNumber, CacheNumber, InflationNumber
0.00109719, 0.000164911, 0.000931354, 0.000503667, 1948, 1655, 54615
0.000807468, 0.000124834, 0.000681581, 0.00034425, 1975, 1671, 33198
7.4728e-05, 1.4491e-05, 5.965e-05, 3.2971e-05, 562, 162, 5280
0.00104267, 0.000172208, 0.000869605, 0.000475909, 1996, 1692, 42042
0.000304911, 5.2713e-05, 0.000251742, 0.000127491, 1486, 884, 16368
0.000345588, 7.1804e-05, 0.000272915, 0.000139057, 1492, 889, 15213
0.000789599, 0.00010991, 0.000679122, 0.000342908, 2024, 1716, 33033
6.9038e-05, 2.2452e-05, 4.5942e-05, 2.3641e-05, 558, 162, 1650
0.000808868, 0.000168255, 0.000640224, 0.000355264, 1963, 1633, 25245
0.000362317, 9.7764e-05, 0.000263739, 0.000137683, 1534, 931, 9735
0.000319116, 8.7461e-05, 0.000230188, 0.000122024, 1502, 895, 8844
0.000603896, 0.000106556, 0.000497, 0.000259092, 1949, 1629, 23166
5.2336e-05, 3.0173e-05, 2.0792e-05, 9.533e-06, 548, 156, 825
0.000567293, 9.5896e-05, 0.000471026, 0.000241687, 1954, 1649, 21714
0.000308871, 9.3673e-05, 0.000214783, 0.000111291, 1546, 924, 7656
0.000182836, 6.9736e-05, 0.000112573, 5.2022e-05, 1488, 882, 4851
0.000485268, 0.000105711, 0.000378986, 0.000188631, 2038, 1715, 17061
3.2115e-05, 1.512e-05, 1.6325e-05, 6.095e-06, 545, 159, 528
0.00063177, 0.00016631, 0.000464992, 0.000242805, 1968, 1650, 15708
0.000174258, 6.3973e-05, 0.000109704, 4.9646e-05, 1536, 933, 4257
0.000205848, 6.0287e-05, 0.000144941, 6.6014e-05, 1522, 906, 4158
0.000481826, 0.000110093, 0.000371348, 0.000185103, 1964, 1644, 16368
3.1406e-05, 1.4797e-05, 1.6004e-05, 6.963e-06, 554, 164, 462
0.000443686, 9.8768e-05, 0.000344495, 0.000179012, 1937, 1639, 14949
0.000175595, 6.6394e-05, 0.000108683, 4.9474e-05, 1507, 901, 3795
0.000222977, 8.9121e-05, 0.000133327, 5.8567e-05, 1492, 881, 3696
0.000675263, 0.000188552, 0.000486253, 0.000245904, 2049, 1724, 15741
2.7751e-05, 1.3794e-05, 1.3248e-05, 4.986e-06, 549, 158, 330
0.000625295, 0.000176831, 0.000447927, 0.0002313, 1961, 1643, 13299
0.000160374, 6.3271e-05, 9.6619e-05, 4.1937e-05, 1550, 936, 3234
0.000230939, 9.7795e-05, 0.000132668, 5.8093e-05, 1553, 933, 3465
0.000478869, 0.000126101, 0.000352298, 0.000179602, 1978, 1661, 13992
2.702e-05, 1.3948e-05, 1.2427e-05, 4.445e-06, 564, 171, 363
0.000587438, 0.000180193, 0.000406746, 0.000212535, 1926, 1621, 12276
0.000204556, 8.903e-05, 0.000115146, 4.649e-05, 1490, 879, 2607
0.00019837, 8.4787e-05, 0.000112722, 4.5848e-05, 1466, 856, 2640
0.000587464, 0.00016734, 0.000419302, 0.000208637, 2061, 1724, 14520
3.5948e-05, 1.8288e-05, 1.6425e-05, 4.919e-06, 544, 160, 231
0.000603979, 0.000164036, 0.000439583, 0.00022262, 1972, 1649, 12639
0.000174839, 6.5945e-05, 0.000107747, 4.9795e-05, 1555, 947, 3663
0.00023142, 9.7421e-05, 0.00013362, 5.5423e-05, 1574, 947, 3300
0.000662609, 0.000185662, 0.000476525, 0.00024911, 1966, 1644, 13893
2.539e-05, 1.5391e-05, 9.241e-06, 1.663e-06, 563, 162, 99
0.00040013, 0.000115007, 0.000284298, 0.000141753, 1918, 1615, 11418
0.000156831, 6.5542e-05, 8.9879e-05, 3.8358e-05, 1473, 864, 2706
0.000119672, 5.0537e-05, 6.8488e-05, 2.9199e-05, 1458, 859, 2178
0.000442054, 0.000105091, 0.000336358, 0.000162156, 2052, 1737, 13761
2.1829e-05, 1.253e-05, 8.727e-06, 2.258e-06, 551, 160, 132
0.000511416, 0.000158933, 0.000351796, 0.000174198, 1950, 1631, 10428
0.000221227, 9.0189e-05, 0.000130327, 5.1943e-05, 1558, 945, 2376
0.000220907, 9.8158e-05, 0.000122099, 4.6679e-05, 1586, 966, 2574
0.000397989, 0.000110586, 0.000285987, 0.000138836, 1972, 1639, 11649
2.562e-05, 1.638e-05, 8.155e-06, 1.242e-06, 546, 160, 66
0.000531321, 0.000162504, 0.000368059, 0.000186934, 1948, 1639, 10626
0.000173301, 7.7745e-05, 9.4233e-05, 3.6711e-05, 1437, 830, 1980
0.000171362, 8.7798e-05, 8.2291e-05, 2.6276e-05, 1456, 858, 1419
0.000617573, 0.000188656, 0.00042802, 0.000216912, 2087, 1789, 12540
3.6901e-05, 2.1962e-05, 1.4222e-05, 2.313e-06, 555, 160, 99
0.000356566, 0.000100894, 0.000254978, 0.00012291, 1938, 1622, 8481
0.000167787, 7.1177e-05, 9.5771e-05, 3.616e-05, 1569, 967, 2178
0.000149333, 7.6774e-05, 7.1181e-05, 2.711e-05, 1592, 981, 1980
0.000366556, 0.000118904, 0.000247003, 0.000116883, 1981, 1656, 8910
3.766e-05, 2.1827e-05, 1.5203e-05, 3.829e-06, 566, 169, 165
0.000350548, 0.000100537, 0.000249347, 0.000124219, 1988, 1685, 9636
0.00010295, 5.2799e-05, 4.9556e-05, 1.7526e-05, 1445, 839, 1254
0.000108619, 5.2074e-05, 5.5667e-05, 2.039e-05, 1448, 845, 1419
0.000364488, 0.000105019, 0.000258786, 0.000126663, 2089, 1786, 10296
2.3702e-05, 1.4421e-05, 8.708e-06, 2.145e-06, 565, 162, 132
0.000292694, 9.3745e-05, 0.000198248, 9.4082e-05, 1939, 1637, 7953
0.000135922, 5.8267e-05, 7.6789e-05, 2.7815e-05, 1575, 971, 1947
0.000183915, 8.9627e-05, 9.3458e-05, 2.9747e-05, 1581, 953, 1617
0.000319842, 9.8692e-05, 0.000220527, 0.000100845, 1961, 1662, 7986
2.6037e-05, 1.645e-05, 8.117e-06, 1.814e-06, 573, 162, 99
0.000331905, 0.000105995, 0.000225242, 0.000108279, 1965, 1667, 8217
0.000105446, 4.9606e-05, 5.4909e-05, 1.859e-05, 1457, 853, 1287
0.000142149, 7.3187e-05, 6.811e-05, 1.7269e-05, 1423, 820, 924
0.000348176, 0.000123625, 0.000223728, 0.000106583, 2072, 1771, 8184
4.0712e-05, 3.2079e-05, 7.282e-06, 1.154e-06, 562, 164, 66
0.000311241, 0.000104172, 0.00020654, 9.6686e-05, 1919, 1621, 7095
0.000187142, 9.6983e-05, 8.9583e-05, 2.6915e-05, 1629, 1003, 1419
0.000114072, 5.8479e-05, 5.4806e-05, 1.6284e-05, 1533, 916, 1122
0.000433232, 0.000167127, 0.000265205, 0.000117009, 1939, 1650, 6567
3.8263e-05, 2.6726e-05, 1.0254e-05, 1.046e-06, 570, 157, 33
0.000340665, 0.000139827, 0.000200123, 9.3652e-05, 1988, 1681, 6963
9.3246e-05, 4.563e-05, 4.5907e-05, 1.3737e-05, 1438, 841, 891
0.000102645, 6.1573e-05, 3.9524e-05, 9.158e-06, 1421, 813, 528
0.00029005, 0.000105733, 0.000183546, 8.2352e-05, 2039, 1725, 6204
3.0083e-05, 2.1259e-05, 8.091e-06, 0, 580, 169, 0
0.000269627, 9.5108e-05, 0.000173831, 7.6925e-05, 1961, 1653, 6534
0.000117795, 6.3993e-05, 5.2967e-05, 1.3789e-05, 1644, 1031, 990
0.000107625, 5.5425e-05, 5.1558e-05, 1.5578e-05, 1551, 944, 1056
0.00023935, 0.000108203, 0.000130164, 4.8214e-05, 1930, 1641, 3465
4.7524e-05, 3.4266e-05, 1.1817e-05, 2.423e-06, 564, 155, 99
0.000444099, 0.000169907, 0.000273493, 0.000119687, 1989, 1689, 6963
0.000143801, 8.3563e-05, 5.9514e-05, 1.1305e-05, 1466, 858, 528
9.6116e-05, 5.0934e-05, 4.4407e-05, 1.2529e-05, 1393, 801, 792
0.000261731, 9.5385e-05, 0.000165436, 7.2799e-05, 1986, 1669, 5511
2.9934e-05, 1.9034e-05, 1.0237e-05, 1.701e-06, 549, 163, 66
0.000398209, 0.000167359, 0.000230039, 9.3856e-05, 1984, 1659, 5214
0.000134846, 7.2091e-05, 6.1271e-05, 1.7415e-05, 1646, 1029, 1188
0.000130835, 6.4953e-05, 6.5077e-05, 1.4781e-05, 1528, 922, 528
0.000361931, 0.000179668, 0.000181241, 6.3814e-05, 1976, 1670, 3630
6.3427e-05, 1.972e-05, 4.3002e-05, 3.1346e-05, 561, 160, 33
0.000407447, 0.000174612, 0.000232041, 9.1485e-05, 2005, 1699, 5214
0.000122639, 7.8554e-05, 4.3338e-05, 2.81e-06, 1484, 879, 132
0.000132721, 8.2135e-05, 4.9855e-05, 2.133e-06, 1488, 883, 99
0.000407257, 0.000197581, 0.000208727, 7.227e-05, 2023, 1714, 3960
3.0596e-05, 2.162e-05, 8.201e-06, 0, 554, 159, 0
0.000239315, 0.000100414, 0.00013814, 5.422e-05, 1970, 1640, 3795
0.000150818, 9.124e-05, 5.8606e-05, 7.28e-06, 1535, 929, 363
0.000136103, 8.1137e-05, 5.4236e-05, 7.982e-06, 1499, 894, 363
0.000352674, 0.000160015, 0.000191315, 6.8421e-05, 1954, 1637, 4257
2.8831e-05, 1.8867e-05, 9.39e-06, 1.309e-06, 547, 156, 66
0.00022044, 0.000100296, 0.000119355, 4.3381e-05, 1959, 1651, 3234
0.000105624, 6.751e-05, 3.6686e-05, 6.448e-06, 1546, 929, 363
0.000129823, 8.1626e-05, 4.7366e-05, 3.342e-06, 1489, 883, 165
0.000375947, 0.000179092, 0.000195979, 6.744e-05, 2042, 1718, 3696
4.1287e-05, 3.3075e-05, 6.987e-06, 1.37e-06, 545, 158, 33
0.000214093, 9.8176e-05, 0.000115202, 4.0247e-05, 1967, 1646, 3003
8.5796e-05, 5.3974e-05, 3.11e-05, 3.167e-06, 1543, 937, 165
0.000116209, 6.5694e-05, 4.9206e-05, 3.794e-06, 1525, 912, 198
0.000248598, 0.000103424, 0.000143567, 5.8174e-05, 1966, 1641, 4257
2.9051e-05, 2.0062e-05, 8.17e-06, 0, 556, 165, 0
0.000338588, 0.000168216, 0.000169717, 5.4349e-05, 1931, 1635, 2739
0.000119288, 8.6204e-05, 3.2275e-05, 4.499e-06, 1502, 899, 264
0.000135719, 8.5227e-05, 4.9804e-05, 2.855e-06, 1488, 879, 132
0.000237069, 0.000106113, 0.000130176, 4.8365e-05, 2047, 1726, 3696
3.5386e-05, 2.1924e-05, 1.2213e-05, 2.083e-06, 548, 159, 99
0.000230724, 9.5939e-05, 0.000133629, 5.2261e-05, 1972, 1655, 3993
0.000140497, 9.0232e-05, 4.9629e-05, 2.759e-06, 1549, 939, 132
0.000135324, 8.4908e-05, 4.9838e-05, 4.742e-06, 1547, 927, 231
0.00036643, 0.000163386, 0.000202205, 7.53e-05, 1977, 1660, 4521
4.2109e-05, 3.309e-05, 7.661e-06, 1.141e-06, 564, 171, 33
0.000232013, 0.000104264, 0.000127011, 4.6995e-05, 1921, 1616, 3333
9.134e-05, 5.454e-05, 3.6169e-05, 5.662e-06, 1493, 879, 363
0.000127176, 8.0482e-05, 4.6049e-05, 3.596e-06, 1470, 856, 132
0.000419685, 0.000192834, 0.000225899, 8.0794e-05, 2072, 1736, 4587
3.2116e-05, 2.2406e-05, 8.591e-06, 0, 546, 162, 0
0.000246637, 0.000104466, 0.000141216, 5.6002e-05, 1968, 1644, 3960
9.3542e-05, 5.9141e-05, 3.3772e-05, 2.165e-06, 1560, 950, 132
0.000156229, 9.7842e-05, 5.7547e-05, 2.785e-06, 1574, 949, 99
0.000311466, 0.000135622, 0.000174163, 7.2805e-05, 1972, 1654, 5610
3.6454e-05, 2.3778e-05, 1.1988e-05, 9.68e-07, 561, 160, 33
0.00020396, 9.1316e-05, 0.000111642, 3.9514e-05, 1921, 1615, 3003
8.3192e-05, 5.0289e-05, 3.2153e-05, 5.19e-06, 1469, 859, 330
0.000132211, 7.9942e-05, 5.1397e-05, 4.233e-06, 1452, 853, 165
0.000277331, 0.000119287, 0.000157294, 6.2885e-05, 2056, 1739, 5247
2.2957e-05, 1.7904e-05, 4.255e-06, 0, 550, 160, 0
0.000265432, 0.000115111, 0.000148939, 5.8935e-05, 1951, 1632, 4125
9.9987e-05, 6.083e-05, 3.766e-05, 6.854e-06, 1553, 943, 363
0.000113844, 6.0769e-05, 5.1544e-05, 5.597e-06, 1585, 963, 231
0.000271165, 0.000109777, 0.000160631, 6.4314e-05, 1976, 1647, 4785
4.0411e-05, 3.1201e-05, 7.88e-06, 0, 544, 158, 0
0.000225125, 0.00010174, 0.000122436, 4.5233e-05, 1955, 1645, 3399
8.6505e-05, 5.37e-05, 3.1477e-05, 3.256e-06, 1442, 836, 165
9.8154e-05, 6.5991e-05, 3.0746e-05, 5.034e-06, 1460, 859, 198
0.000426477, 0.000183067, 0.000242697, 9.4825e-05, 2078, 1776, 5478
3.0412e-05, 2.0072e-05, 9.541e-06, 9.37e-07, 554, 159, 33
0.000334962, 0.000160176, 0.000174172, 6.0086e-05, 1945, 1631, 3300
0.00010926, 7.1226e-05, 3.6556e-05, 5.414e-06, 1571, 967, 330
9.4276e-05, 6.0985e-05, 3.2133e-05, 3.411e-06, 1597, 982, 165
0.000246725, 0.000100034, 0.000146048, 5.3943e-05, 1989, 1662, 4224
3.4825e-05, 2.4809e-05, 9.225e-06, 0, 562, 170, 0
0.000381348, 0.00017309, 0.000207337, 7.7069e-05, 1981, 1681, 3960
7.1468e-05, 4.6858e-05, 2.4071e-05, 1.8e-06, 1446, 841, 99
0.000122817, 7.7491e-05, 4.4397e-05, 2.424e-06, 1452, 851, 99
0.000429555, 0.000196552, 0.000231965, 8.6271e-05, 2098, 1797, 4719
3.1714e-05, 2.106e-05, 1.001e-05, 8.62e-07, 563, 162, 33
0.000208446, 9.7616e-05, 0.000110101, 3.7733e-05, 1938, 1634, 3036
9.2585e-05, 5.6829e-05, 3.517e-05, 4.02e-06, 1573, 968, 264
0.000100283, 6.9672e-05, 2.9274e-05, 2.1e-06, 1573, 945, 132
0.000240346, 0.000107398, 0.000132177, 4.4446e-05, 1966, 1670, 3036
1.9583e-05, 1.4824e-05, 4.05e-06, 0, 573, 160, 0
0.000208028, 0.000100864, 0.000106585, 3.6605e-05, 1961, 1663, 2805
8.0109e-05, 4.9287e-05, 3.0146e-05, 4.571e-06, 1458, 853, 264
7.7398e-05, 5.0646e-05, 2.626e-05, 2.093e-06, 1423, 820, 132
0.000396408, 0.000182216, 0.000213568, 7.6259e-05, 2070, 1767, 3795
5.0241e-05, 4.4723e-05, 4.168e-06, 0, 559, 162, 0
0.000222529, 0.000101665, 0.000120115, 4.2392e-05, 1928, 1625, 3300
9.0796e-05, 5.7603e-05, 3.2576e-05, 3.819e-06, 1625, 1000, 231
9.2283e-05, 5.707e-05, 3.4553e-05, 5.127e-06, 1532, 920, 297
0.000198826, 9.8944e-05, 9.8996e-05, 3.0366e-05, 1952, 1659, 2145
3.1536e-05, 2.2837e-05, 7.925e-06, 0, 571, 156, 0
0.000237705, 0.00011801, 0.00011901, 4.3485e-05, 1991, 1684, 3069
7.9749e-05, 4.9653e-05, 2.9366e-05, 3.055e-06, 1444, 844, 198
0.000147245, 9.1913e-05, 5.4651e-05, 5.187e-06, 1425, 824, 198
0.000351428, 0.000180226, 0.000170538, 5.3221e-05, 2031, 1717, 2673
4.6518e-05, 3.8746e-05, 6.943e-06, 1.178e-06, 580, 171, 66
0.000434853, 0.000309216, 0.000124414, 4.1249e-05, 1955, 1645, 2937
0.00011381, 7.3106e-05, 3.9198e-05, 3.104e-06, 1641, 1027, 165
0.000149664, 9.2771e-05, 5.6056e-05, 6.141e-06, 1549, 942, 264
0.000322436, 0.000167528, 0.00015427, 4.2883e-05, 1936, 1644, 2178
1.9906e-05, 1.4593e-05, 4.502e-06, 0, 563, 155, 0
0.000367091, 0.000170693, 0.000195711, 6.7741e-05, 2008, 1712, 3663
0.000122028, 7.8815e-05, 4.2236e-05, 2.46e-06, 1461, 857, 99
0.000105837, 6.8916e-05, 3.6189e-05, 8.029e-06, 1378, 786, 528
0.000258014, 0.000102639, 0.000154764, 6.3964e-05, 2046, 1718, 4719
2.5593e-05, 1.4406e-05, 1.0539e-05, 3.422e-06, 544, 161, 297
0.000460154, 0.000175195, 0.000284039, 0.000124351, 2107, 1758, 6567
0.000123149, 5.7621e-05, 6.4378e-05, 2.285e-05, 1569, 925, 1815
0.000107488, 5.0928e-05, 5.5715e-05, 1.9978e-05, 1490, 864, 1551
0.000322567, 0.000111201, 0.0002107, 9.6897e-05, 2168, 1835, 7656
2.3496e-05, 1.2828e-05, 1.0048e-05, 3.031e-06, 527, 127, 231
0.00036441, 0.000109282, 0.00025451, 0.000119734, 2210, 1871, 9537
0.000147181, 7.3538e-05, 7.2899e-05, 2.2555e-05, 1423, 776, 1254
0.000141246, 7.5843e-05, 6.4799e-05, 1.6154e-05, 1421, 773, 891
0.000384132, 0.000133847, 0.00024861, 0.000115971, 2209, 1851, 9174
4.0874e-05, 2.2997e-05, 1.6657e-05, 5.482e-06, 514, 127, 264
0.000363131, 0.000110737, 0.000251758, 0.000118176, 2248, 1879, 9669
0.000101111, 5.301e-05, 4.6621e-05, 1.4944e-05, 1434, 788, 1122
0.000115599, 6.6057e-05, 4.8208e-05, 1.5907e-05, 1431, 753, 1089
0.000358009, 0.000131932, 0.000225414, 0.000107807, 2191, 1832, 8283
3.1413e-05, 1.7905e-05, 1.248e-05, 3.353e-06, 525, 113, 165
0.000502262, 0.000187169, 0.000314212, 0.000141756, 2138, 1786, 7656
9.0758e-05, 5.0267e-05, 3.9837e-05, 1.1135e-05, 1428, 756, 726
0.000124195, 8.2923e-05, 3.9879e-05, 1.2008e-05, 1366, 731, 726
0.000399772, 0.000114407, 0.000284659, 0.000140264, 2242, 1890, 10956
3.7515e-05, 2.9309e-05, 6.712e-06, 1.159e-06, 519, 131, 66
0.000401929, 0.000120297, 0.000280173, 0.000138009, 2230, 1871, 10956
0.000149509, 9.6889e-05, 5.0961e-05, 1.4735e-05, 1436, 791, 1089
0.00013673, 7.2149e-05, 6.36e-05, 1.7364e-05, 1422, 772, 891
0.00032536, 0.000109468, 0.00021533, 9.7217e-05, 2161, 1812, 7458
4.2972e-05, 3.5633e-05, 5.983e-06, 7.91e-07, 540, 131, 33
0.000366299, 0.000143794, 0.000221037, 0.000100023, 2182, 1846, 7920
0.000102892, 5.831e-05, 4.3178e-05, 1.3814e-05, 1426, 775, 858
8.7352e-05, 5.0085e-05, 3.6568e-05, 9.379e-06, 1419, 781, 594
0.000544427, 0.000190876, 0.000352442, 0.000169882, 2168, 1826, 9504
2.3332e-05, 1.3258e-05, 9.068e-06, 2.689e-06, 537, 151, 165
0.000358273, 0.000117051, 0.000240508, 0.000114049, 2207, 1860, 8976
9.5001e-05, 5.0407e-05, 4.387e-05, 1.1009e-05, 1502, 875, 858
9.3611e-05, 5.0783e-05, 4.2034e-05, 1.247e-05, 1486, 858, 858
0.000439954, 0.000191731, 0.00024681, 0.00010043, 2095, 1752, 5610
4.4824e-05, 3.8259e-05, 4.824e-06, 0, 539, 146, 0
0.000281258, 0.000106099, 0.000173855, 7.4637e-05, 2176, 1860, 5676
0.000152077, 9.4933e-05, 5.6308e-05, 9.234e-06, 1409, 778, 429
7.7663e-05, 4.672e-05, 3.0204e-05, 6.171e-06, 1426, 790, 396
0.000504101, 0.000194456, 0.000308879, 0.000137589, 2186, 1827, 7458
1.743e-05, 1.294e-05, 3.81e-06, 0, 521, 143, 0
0.000459429, 0.000179797, 0.000278759, 0.000121265, 2162, 1814, 7557
0.000143064, 8.0397e-05, 6.1488e-05, 1.2763e-05, 1440, 793, 561
0.0001304, 7.2206e-05, 5.7527e-05, 1.2183e-05, 1440, 797, 627
0.000279913, 0.000105403, 0.000173801, 7.5252e-05, 2107, 1739, 5775
3.0508e-05, 1.868e-05, 1.0878e-05, 2.546e-06, 527, 113, 99
0.00030883, 0.000109338, 0.000198805, 8.5454e-05, 2177, 1838, 6171
0.000119023, 6.7557e-05, 5.0764e-05, 8.406e-06, 1353, 694, 396
9.3751e-05, 6.1623e-05, 3.0708e-05, 6.143e-06, 1351, 680, 363
0.000375719, 0.000133478, 0.000240257, 0.000107004, 2112, 1754, 7590
1.927e-05, 1.163e-05, 7.057e-06, 1.805e-06, 504, 110, 132
0.00065893, 0.000211029, 0.000446815, 0.000212738, 2230, 1854, 12012
0.000118, 6.7439e-05, 4.9841e-05, 8.913e-06, 1382, 692, 462
7.8301e-05, 4.2622e-05, 3.4929e-05, 9.508e-06, 1391, 704, 660
0.000400833, 0.00011386, 0.000286182, 0.000126475, 2088, 1688, 8316
2.3565e-05, 1.8981e-05, 3.095e-06, 0, 474, 88, 0
0.000434382, 0.000183829, 0.000249604, 0.000105627, 2056, 1672, 5940
0.000106307, 5.7857e-05, 4.7627e-05, 1.2913e-05, 1282, 612, 726
0.000106842, 6.2901e-05, 4.2412e-05, 1.4196e-05, 1301, 617, 957
0.000431583, 0.000155176, 0.000275793, 0.000128456, 1896, 1510, 7458
2.283e-05, 1.3935e-05, 8.26e-06, 2.083e-06, 477, 69, 66
0.000273009, 0.000106455, 0.000165812, 7.6556e-05, 1837, 1424, 6039
7.8368e-05, 4.2374e-05, 3.5149e-05, 1.0918e-05, 1327, 603, 693
9.9523e-05, 6.2259e-05, 3.6394e-05, 1.1513e-05, 1330, 621, 891
0.000390902, 0.000141014, 0.000249191, 0.000112793, 1813, 1372, 5874
2.297e-05, 1.6896e-05, 4.79e-06, 0, 445, 60, 0
0.000255722, 9.7933e-05, 0.000156919, 6.981e-05, 1768, 1339, 5676
8.9992e-05, 4.9857e-05, 3.8751e-05, 1.3421e-05, 1257, 536, 924
0.000117632, 6.3018e-05, 5.3115e-05, 1.6589e-05, 1246, 522, 891
0.000263458, 8.8111e-05, 0.000174011, 7.8195e-05, 1700, 1276, 5940
1.1196e-05, 8.259e-06, 2.069e-06, 0, 438, 55, 0
0.000269685, 0.000112611, 0.000156452, 6.1611e-05, 1651, 1212, 3498
8.289e-05, 4.1674e-05, 3.9791e-05, 1.3611e-05, 1291, 571, 1056
7.6781e-05, 3.8372e-05, 3.7676e-05, 1.3202e-05, 1292, 554, 1023
0.00020599, 7.2294e-05, 0.000132948, 6.1045e-05, 1699, 1252, 4620
1.2015e-05, 7.834e-06, 3.506e-06, 9.34e-07, 428, 49, 33
0.000253481, 9.7665e-05, 0.000155016, 7.1416e-05, 1705, 1270, 5379
6.6307e-05, 3.5291e-05, 2.9978e-05, 8.972e-06, 1248, 522, 561
0.000100303, 5.066e-05, 4.88e-05, 1.6091e-05, 1211, 467, 726
0.000247598, 8.4545e-05, 0.000162445, 7.4409e-05, 1725, 1298, 5511
2.3529e-05, 1.2148e-05, 1.057e-05, 4.319e-06, 438, 54, 165
0.000215817, 7.6108e-05, 0.000138919, 6.3787e-05, 1676, 1240, 4752
0.000133257, 6.2045e-05, 6.9945e-05, 2.4366e-05, 1317, 579, 1122
6.5693e-05, 3.5202e-05, 2.9546e-05, 8.815e-06, 1266, 544, 627
0.000223604, 8.9481e-05, 0.000132669, 5.8554e-05, 1726, 1289, 4125
1.2684e-05, 8.289e-06, 3.683e-06, 7.38e-07, 417, 52, 33
0.000194385, 7.4622e-05, 0.000119062, 5.1753e-05, 1695, 1279, 4191
9.3083e-05, 5.2465e-05, 3.9983e-05, 8.467e-06, 1246, 522, 429
9.2896e-05, 5.2604e-05, 3.9546e-05, 9.188e-06, 1187, 464, 495
0.000246868, 0.000108207, 0.000137177, 4.8246e-05, 1751, 1318, 3366
3.0247e-05, 2.4794e-05, 3.516e-06, 6.86e-07, 425, 51, 33
0.000301497, 0.000123349, 0.000177329, 7.3927e-05, 1721, 1278, 4092
7.4482e-05, 3.93e-05, 3.454e-05, 1.0657e-05, 1321, 600, 693
8.852e-05, 5.6147e-05, 3.0962e-05, 8.065e-06, 1270, 544, 495
0.00028165, 0.000122722, 0.000158273, 6.2938e-05, 1741, 1302, 3993
1.8622e-05, 1.198e-05, 6.002e-06, 1.048e-06, 416, 51, 33
0.000299491, 0.000143747, 0.000154327, 5.7006e-05, 1702, 1277, 3003
5.3663e-05, 3.3402e-05, 1.9546e-05, 3.079e-06, 1236, 516, 231
9.2157e-05, 5.2511e-05, 3.8897e-05, 9.104e-06, 1174, 464, 429
0.000303043, 0.000129887, 0.000172514, 7.0262e-05, 1761, 1319, 3795
2.8229e-05, 2.1648e-05, 5.259e-06, 1.664e-06, 409, 48, 132
0.000295378, 0.00012715, 0.000167494, 6.5471e-05, 1709, 1240, 3564
9.9382e-05, 6.805e-05, 2.9797e-05, 7.464e-06, 1328, 600, 462
6.0244e-05, 3.5752e-05, 2.3967e-05, 4.914e-06, 1249, 537, 297
0.000291675, 0.000136083, 0.000154189, 5.73e-05, 1714, 1277, 3003
2.1553e-05, 1.8294e-05, 1.699e-06, 0, 418, 52, 0
0.000198936, 9.0614e-05, 0.000107397, 4.4204e-05, 1705, 1282, 3168
8.9484e-05, 5.6127e-05, 3.1194e-05, 8.869e-06, 1237, 519, 561
0.000107387, 5.6704e-05, 5.0086e-05, 1.4613e-05, 1261, 526, 693
0.000304652, 0.000132577, 0.000171531, 6.688e-05, 1771, 1320, 3663
3.0908e-05, 2.7513e-05, 1.911e-06, 0, 419, 50, 0
0.000213336, 9.9719e-05, 0.00011221, 4.5977e-05, 1739, 1294, 3234
9.1385e-05, 5.4425e-05, 3.5993e-05, 5.888e-06, 1249, 539, 264
6.3393e-05, 3.7111e-05, 2.5635e-05, 4.885e-06, 1252, 531, 330
0.000188653, 8.0661e-05, 0.000107362, 4.2468e-05, 1770, 1317, 3300
9.653e-06, 7.279e-06, 1.704e-06, 0, 419, 52, 0
0.000200545, 8.7103e-05, 0.000111997, 4.6099e-05, 1754, 1297, 3432
9.9068e-05, 5.583e-05, 4.2212e-05, 9.709e-06, 1282, 557, 462
7.1115e-05, 4.7483e-05, 2.205e-05, 3.955e-06, 1244, 524, 198
0.000204097, 9.0455e-05, 0.000112137, 4.0843e-05, 1741, 1296, 2838
1.3501e-05, 8.786e-06, 3.872e-06, 6.35e-07, 424, 53, 33
0.000208301, 0.000107378, 9.9576e-05, 3.6445e-05, 1772, 1327, 2376
5.8857e-05, 3.4994e-05, 2.3294e-05, 4.431e-06, 1262, 534, 264
0.000112607, 6.5551e-05, 4.5713e-05, 7.935e-06, 1255, 540, 264
0.000162579, 7.6429e-05, 8.5361e-05, 2.922e-05, 1759, 1311, 2211
3.8339e-05, 1.7697e-05, 1.9833e-05, 8.85e-06, 474, 67, 429
0.000219166, 7.5849e-05, 0.000142648, 6.367e-05, 1772, 1115, 5577
0.000266995, 0.000111568, 0.000154633, 6.7806e-05, 1714, 939, 4125
0.000136694, 6.2309e-05, 7.3659e-05, 2.8e-05, 1602, 871, 2046
0.00013676, 5.9299e-05, 7.668e-05, 3.2572e-05, 1707, 896, 2673
9.0911e-05, 2.6947e-05, 6.3338e-05, 2.8111e-05, 545, 381, 2607
0.000214513, 6.9275e-05, 0.000144574, 6.775e-05, 1719, 915, 6303
0.000152607, 4.6692e-05, 0.000105373, 4.9813e-05, 1520, 648, 4686
0.000153237, 4.3982e-05, 0.000108752, 5.5524e-05, 1410, 590, 5676
0.000205341, 6.4113e-05, 0.000140619, 6.765e-05, 1510, 1001, 6567
2.2574e-05, 1.0961e-05, 1.1001e-05, 5.588e-06, 361, 71, 495
0.000347181, 9.0888e-05, 0.00025562, 0.000128767, 1631, 1092, 13827
0.000170936, 4.469e-05, 0.000125801, 5.9691e-05, 1269, 575, 6699
0.000209206, 4.4085e-05, 0.000164452, 8.1082e-05, 1392, 600, 8679
0.000345376, 7.9147e-05, 0.000265351, 0.000131908, 1864, 1235, 13530
1.6841e-05, 8.708e-06, 7.448e-06, 3.557e-06, 473, 39, 330
0.000367184, 9.2325e-05, 0.000274391, 0.000137859, 1723, 1109, 14289
0.000245308, 5.5925e-05, 0.000188947, 9.6894e-05, 1464, 640, 9603
0.000220893, 4.7859e-05, 0.000172328, 8.6025e-05, 1397, 522, 8250
0.000316063, 7.3084e-05, 0.000242228, 0.000119625, 1976, 1003, 13068
1.5907e-05, 6.37e-06, 9.016e-06, 3.735e-06, 102, 61, 297
0.000354902, 7.8996e-05, 0.000274557, 0.000134517, 2082, 930, 13596
0.000254216, 5.907e-05, 0.000193508, 9.8095e-05, 1246, 547, 9405
0.000295097, 6.988e-05, 0.000224182, 0.000119466, 1280, 485, 8646
0.000611092, 0.000133216, 0.000476894, 0.000255628, 2169, 1174, 19008
1.0593e-05, 5.824e-06, 4.186e-06, 1.311e-06, 221, 28, 99
0.000359677, 8.216e-05, 0.000276832, 0.000134839, 1816, 1112, 15807
0.000129839, 3.1029e-05, 9.8015e-05, 4.5748e-05, 1123, 439, 4917
0.000175807, 3.652e-05, 0.000138473, 7.0861e-05, 1170, 407, 7854
0.000398365, 7.914e-05, 0.000318556, 0.000153699, 1965, 978, 18084
3.4554e-05, 7.373e-06, 2.6383e-05, 1.2913e-05, 107, 71, 1353
0.000512499, 0.000110128, 0.000401645, 0.000218161, 1720, 877, 15675
0.000287269, 5.8319e-05, 0.000228446, 0.000116558, 1062, 637, 12441
0.000258727, 4.6592e-05, 0.000211535, 0.000110848, 1118, 578, 10923
0.000471976, 8.6082e-05, 0.000385095, 0.000193052, 2168, 1137, 20724
7.703e-06, 2.76e-06, 4.39e-06, 1.913e-06, 40, 15, 132
0.000528304, 8.9526e-05, 0.000438049, 0.000229251, 2257, 1217, 21912
0.000202724, 4.023e-05, 0.000161349, 8.1248e-05, 1164, 424, 8514
0.000237385, 5.3684e-05, 0.000183165, 9.9434e-05, 1001, 375, 7293
0.000653975, 0.000109988, 0.000543371, 0.000269846, 2486, 1445, 28545
3.429e-06, 2.082e-06, 5.78e-07, 0, 19, 2, 0
0.000587561, 9.3883e-05, 0.000493023, 0.000251989, 2371, 1303, 24849
0.0001493, 3.5102e-05, 0.000113553, 5.5446e-05, 1297, 374, 5478
0.000119983, 2.9176e-05, 9.0138e-05, 4.5621e-05, 1239, 221, 3366
0.000674986, 0.000116828, 0.000557477, 0.000277201, 2571, 1500, 29337
8.055e-06, 1.993e-06, 5.48e-06, 1.934e-06, 28, 22, 198
0.000474262, 8.0804e-05, 0.000392836, 0.000200384, 1780, 977, 23232
0.000286856, 4.3131e-05, 0.000243006, 0.000125438, 969, 611, 14157
0.000290619, 4.7161e-05, 0.000242924, 0.000129162, 1180, 587, 13233
0.000775538, 0.000112811, 0.00066192, 0.000342748, 2563, 1307, 30063
2.938e-06, 1.349e-06, 7.81e-07, 0, 13, 3, 0
0.000604376, 9.862e-05, 0.00050519, 0.000252601, 2611, 1448, 28809
0.000112347, 4.5552e-05, 6.617e-05, 3.3314e-05, 1303, 205, 2937
0.000176339, 4.949e-05, 0.00012579, 7.0218e-05, 1359, 246, 4521
0.000592386, 9.1989e-05, 0.000499623, 0.000253382, 2447, 1226, 28479
1.3945e-05, 5.576e-06, 7.745e-06, 3.199e-06, 235, 23, 297
0.000381621, 8.0837e-05, 0.000299253, 0.000151677, 1781, 821, 16962
0.000217462, 3.4217e-05, 0.000182646, 9.3477e-05, 974, 487, 11352
0.000276643, 6.2914e-05, 0.000213029, 0.000105318, 1257, 580, 12870
0.000646077, 0.000102089, 0.000542699, 0.000275512, 2078, 1228, 29898
8.385e-06, 4.064e-06, 3.706e-06, 1.519e-06, 283, 3, 66
0.000785492, 0.000150156, 0.00063388, 0.000343686, 2400, 1343, 31515
0.00010886, 2.539e-05, 8.271e-05, 4.195e-05, 1177, 250, 4587
0.000109347, 2.5614e-05, 8.311e-05, 4.2611e-05, 1178, 214, 4125
0.000842364, 0.000168762, 0.000672763, 0.00035978, 2476, 1382, 28083
4.263e-06, 1.166e-06, 2.442e-06, 7.32e-07, 10, 4, 33
0.00050726, 9.5347e-05, 0.000410737, 0.000202249, 2301, 1191, 22539
0.000160016, 3.2439e-05, 0.000126632, 6.388e-05, 1104, 373, 6006
7.2575e-05, 3.676e-05, 3.4146e-05, 1.755e-05, 943, 118, 1716
0.000407407, 7.97e-05, 0.000326389, 0.000165756, 1776, 872, 19437
2.5813e-05, 1.6411e-05, 7.61e-06, 3.257e-06, 428, 15, 198
0.000391494, 6.1745e-05, 0.00032912, 0.000162897, 1500, 963, 22209
0.000258333, 4.1361e-05, 0.000216413, 0.000110732, 1582, 632, 14355
0.000243996, 4.2611e-05, 0.000200172, 0.000100034, 1619, 617, 12804
0.000628507, 0.000112792, 0.000514242, 0.000253464, 2433, 1365, 30987
7.919e-06, 4.287e-06, 3.023e-06, 1.131e-06, 358, 4, 66
0.000503472, 9.5962e-05, 0.000407072, 0.000201072, 2277, 1242, 25014
0.000121797, 2.7735e-05, 9.3133e-05, 4.7079e-05, 1419, 324, 5610
0.000165676, 3.3975e-05, 0.000131076, 6.6236e-05, 1222, 356, 6732
0.000763466, 0.000127873, 0.000634037, 0.000312234, 2805, 1511, 29766
0.000189891, 4.2776e-05, 0.000145564, 7.2337e-05, 734, 377, 7359
0.000734478, 0.000124982, 0.000608771, 0.000304906, 2210, 1431, 32934
7.8012e-05, 1.9581e-05, 5.7836e-05, 2.9774e-05, 902, 159, 2970
0.000156796, 2.8168e-05, 0.000127868, 8.0207e-05, 828, 303, 6633
0.000246233, 4.1303e-05, 0.000204318, 0.000103819, 1133, 628, 14124
2.3062e-05, 1.13e-05, 1.1099e-05, 5.121e-06, 579, 22, 264
0.000353343, 6.4517e-05, 0.000287859, 0.00014278, 1434, 791, 16269
0.000152533, 3.2458e-05, 0.000119571, 6.0004e-05, 1203, 403, 7161
0.000152104, 4.6375e-05, 0.000104365, 5.3413e-05, 1200, 372, 6270
0.000352608, 8.0696e-05, 0.000271219, 0.000134468, 1723, 891, 14685
1.3762e-05, 7.299e-06, 5.844e-06, 1.974e-06, 304, 9, 99
0.000458976, 9.4161e-05, 0.000364271, 0.000185827, 1853, 1133, 19998
0.000164959, 4.8557e-05, 0.000115941, 6.3919e-05, 1199, 307, 3927
0.000151817, 5.0557e-05, 0.00010067, 5.3212e-05, 1188, 325, 3168
0.000512569, 9.5432e-05, 0.000415412, 0.000207178, 1843, 1186, 21021
1.2974e-05, 7.34e-06, 4.881e-06, 1.64e-06, 318, 11, 66
0.000644045, 0.000135681, 0.000507683, 0.000274138, 1811, 1159, 20163
0.000161361, 3.8117e-05, 0.000122778, 5.9758e-05, 1292, 467, 6237
0.000178321, 6.6996e-05, 0.000110671, 5.4973e-05, 1340, 481, 5016
0.000424933, 8.2016e-05, 0.000341539, 0.000170384, 1692, 1166, 17457
8.34e-06, 6.389e-06, 1.004e-06, 0, 385, 12, 0
0.000576293, 0.000115981, 0.000459712, 0.000255035, 1659, 1165, 17919
0.000179073, 5.6898e-05, 0.000121427, 6.1235e-05, 1192, 485, 3861
0.00014815, 4.2093e-05, 0.000105321, 5.1512e-05, 1240, 520, 4587
0.000662779, 0.000149353, 0.000511907, 0.00026951, 1619, 1269, 19701
2.2186e-05, 1.4344e-05, 6.481e-06, 2.449e-06, 411, 31, 165
0.000480525, 7.5045e-05, 0.000404773, 0.000217135, 1592, 1203, 17160
0.000148299, 5.8771e-05, 8.7694e-05, 4.1561e-05, 1106, 501, 3696
0.000144554, 5.143e-05, 9.2378e-05, 4.3182e-05, 1142, 492, 2541
0.000556589, 0.000120365, 0.000434424, 0.000223512, 1528, 1204, 15906
1.9625e-05, 1.0762e-05, 7.891e-06, 2.066e-06, 399, 49, 99
0.000412446, 9.0597e-05, 0.000320319, 0.000166269, 1533, 1171, 14289
0.000179737, 5.6724e-05, 0.000122375, 5.6335e-05, 1065, 512, 2640
0.000151789, 5.5968e-05, 9.4933e-05, 4.3859e-05, 1142, 524, 2640
0.000346686, 6.5411e-05, 0.000280588, 0.000140229, 1445, 1154, 13992
3.5559e-05, 2.9171e-05, 4.895e-06, 1.145e-06, 396, 63, 66
0.000450486, 0.000111926, 0.00033769, 0.000173767, 1488, 1133, 11913
0.000112726, 4.9778e-05, 6.142e-05, 2.8362e-05, 1015, 483, 2145
8.1676e-05, 3.0101e-05, 5.088e-05, 2.2419e-05, 1035, 475, 1716
0.000386967, 0.000110309, 0.000275774, 0.000139052, 1459, 1157, 9438
1.3242e-05, 8.266e-06, 4.28e-06, 9.88e-07, 408, 63, 66
0.000412183, 6.7482e-05, 0.000343767, 0.000175475, 1578, 1099, 20295
0.000324009, 5.9433e-05, 0.000264079, 0.000125832, 1439, 812, 14685
0.000243488, 5.4222e-05, 0.000188167, 9.0466e-05, 1395, 733, 9966
0.000295062, 5.6021e-05, 0.000238272, 0.000117643, 1384, 862, 14124
0.000141321, 3.3014e-05, 0.000107567, 5.2851e-05, 774, 395, 5214
0.000292679, 5.9225e-05, 0.000232938, 0.000117686, 1340, 934, 13200
0.000265387, 6.6056e-05, 0.000198599, 9.8091e-05, 1481, 821, 9570
0.000376831, 8.7205e-05, 0.00028907, 0.000155626, 1433, 733, 11055
0.000283624, 5.8939e-05, 0.000224048, 0.000114477, 1164, 813, 11121
7.1176e-05, 3.0823e-05, 3.9103e-05, 1.8554e-05, 751, 191, 1749
0.000447622, 0.000104808, 0.000342268, 0.000180417, 1075, 829, 12078
0.000135661, 4.9183e-05, 8.568e-05, 4.1551e-05, 1274, 413, 2739
0.000246317, 4.8322e-05, 0.000197398, 0.000103643, 1166, 659, 10956
0.000248746, 4.3299e-05, 0.000204564, 0.000103882, 850, 662, 11583
0.00019993, 4.1299e-05, 0.000158054, 8.0684e-05, 936, 506, 8613
0.000590293, 0.000118329, 0.000471021, 0.000256796, 1369, 1026, 18777
0.000110772, 3.5462e-05, 7.4692e-05, 3.3284e-05, 1455, 496, 3663
0.000139217, 5.3063e-05, 8.4779e-05, 4.0085e-05, 1247, 573, 4224
0.000332444, 8.2777e-05, 0.000248173, 0.000125632, 1718, 957, 12441
1.3195e-05, 5.767e-06, 6.834e-06, 2.874e-06, 112, 16, 132
0.000422144, 8.7936e-05, 0.00033323, 0.000170704, 2176, 1172, 18084
0.00021008, 5.2982e-05, 0.000155722, 7.9183e-05, 948, 407, 6006
0.000234472, 4.781e-05, 0.000185849, 9.2189e-05, 962, 652, 9504
0.000391293, 8.7886e-05, 0.000302589, 0.000160271, 1239, 814, 13167
0.000154878, 3.2235e-05, 0.000122011, 6.0805e-05, 672, 436, 5445
0.000385792, 0.000109504, 0.000275795, 0.00013661, 1555, 1063, 14619
0.000318029, 7.4883e-05, 0.000242586, 0.000122402, 1376, 890, 12870
0.000280966, 6.4842e-05, 0.000215527, 0.000117823, 1377, 745, 9207
0.000486243, 0.000104737, 0.000379758, 0.000192846, 2645, 1318, 18051
9.293e-06, 5.254e-06, 2.223e-06, 0, 15, 9, 0
7.2756e-05, 3.0921e-05, 4.0808e-05, 1.8813e-05, 1360, 185, 1188
0.000125368, 4.084e-05, 8.3909e-05, 4.1999e-05, 1438, 447, 3531
0.000501432, 0.000114154, 0.000386121, 0.000187271, 1904, 1430, 20592
0.000116997, 3.9249e-05, 7.7018e-05, 3.785e-05, 1164, 353, 3597
0.000481047, 8.1523e-05, 0.000398967, 0.000197399, 1478, 1059, 18942
0.000148169, 4.9498e-05, 9.7872e-05, 4.6699e-05, 1210, 364, 3201
0.000106575, 2.8996e-05, 7.7021e-05, 3.8099e-05, 998, 318, 3630
0.000462947, 9.9352e-05, 0.000362203, 0.000175644, 2187, 1299, 18612
1.3674e-05, 7.155e-06, 5.779e-06, 1.739e-06, 44, 28, 66
0.000410832, 8.8853e-05, 0.000321409, 0.00016136, 2161, 1281, 16962
0.000219992, 7.1806e-05, 0.000146333, 7.0772e-05, 1098, 536, 5511
0.000134752, 4.5741e-05, 8.77e-05, 4.3628e-05, 1190, 422, 3762
0.000674304, 0.000164884, 0.000508658, 0.000266044, 2440, 1424, 20427
1.212e-05, 6.468e-06, 4.896e-06, 1.512e-06, 113, 10, 33
0.000506183, 0.000124375, 0.000381026, 0.000192115, 1688, 1274, 19998
0.000311982, 6.0799e-05, 0.000250567, 0.000124194, 1601, 840, 13233
6.912e-05, 2.9502e-05, 3.8181e-05, 1.9792e-05, 951, 144, 1353
0.000372551, 9.1943e-05, 0.000279187, 0.000140628, 1732, 998, 14058
6.5503e-05, 1.6808e-05, 4.8047e-05, 2.4585e-05, 479, 184, 2145
0.000336386, 6.7559e-05, 0.000268161, 0.000131658, 1425, 955, 13068
0.000212353, 5.9661e-05, 0.000152147, 7.4065e-05, 1315, 804, 6897
0.0001946, 5.9863e-05, 0.000133596, 6.6543e-05, 1286, 712, 6336
0.000557937, 0.000169814, 0.000387376, 0.000200986, 2179, 1372, 13695
2.0242e-05, 1.5108e-05, 3.403e-06, 5.97e-07, 184, 9, 33
0.000356853, 9.79e-05, 0.000258287, 0.000130031, 2489, 1277, 12639
0.000135971, 3.669e-05, 9.8539e-05, 4.7728e-05, 1169, 461, 4455
0.000104733, 3.3477e-05, 7.0175e-05, 3.5266e-05, 1126, 339, 2739
3.03e-06, 1.746e-06, 6.9e-07, 0, 12, 7, 0
0.000338182, 0.000103155, 0.000234546, 0.00011418, 2280, 1378, 10956
0.000103559, 4.8929e-05, 5.3183e-05, 2.2286e-05, 1285, 350, 1782
8.1142e-05, 4.2183e-05, 3.7879e-05, 1.4684e-05, 905, 248, 957
0.000536615, 0.000148612, 0.000387262, 0.000190433, 1993, 1287, 12309
1.6868e-05, 1.2634e-05, 2.217e-06, 0, 85, 12, 0
0.000371286, 8.0928e-05, 0.00028969, 0.000142336, 1994, 1178, 13860
0.00018472, 3.9188e-05, 0.000145011, 6.8964e-05, 1049, 462, 8118
0.00016527, 6.9724e-05, 9.4022e-05, 4.4143e-05, 1250, 643, 3993
0.00035445, 0.000114511, 0.00023913, 0.000116707, 1459, 896, 7359
1.1655e-05, 6.783e-06, 3.905e-06, 1.066e-06, 318, 23, 33
0.000303632, 8.6576e-05, 0.000216059, 0.000106762, 2065, 1184, 11154
7.0841e-05, 2.9018e-05, 4.1271e-05, 1.8308e-05, 1062, 302, 1782
0.000136901, 3.6937e-05, 9.9264e-05, 4.8142e-05, 1050, 343, 4653
0.000363322, 7.2585e-05, 0.000290092, 0.000145343, 1533, 979, 14982
4.282e-06, 2.784e-06, 8.44e-07, 0, 38, 16, 0
0.00020846, 5.3874e-05, 0.000153949, 7.6876e-05, 1579, 674, 6963
7.9983e-05, 2.7443e-05, 5.1934e-05, 2.4193e-05, 784, 239, 2145
0.000122248, 3.9899e-05, 8.1693e-05, 3.8375e-05, 823, 308, 2739
0.000183707, 7.013e-05, 0.000112708, 4.8195e-05, 912, 624, 3036
8.5198e-05, 3.0401e-05, 5.3794e-05, 2.4914e-05, 1049, 301, 2013
0.000164566, 4.5213e-05, 0.000118734, 5.6825e-05, 1180, 693, 5115
0.000254621, 8.8049e-05, 0.000165849, 7.9855e-05, 1387, 676, 4884
0.000181604, 4.1206e-05, 0.000139762, 6.9523e-05, 1226, 524, 7260
0.000306099, 9.3607e-05, 0.000211765, 0.000105841, 2413, 1030, 9471
1.09e-05, 6.874e-06, 1.956e-06, 0, 26, 7, 0
0.000475255, 0.000144055, 0.000329986, 0.0001675, 2105, 1067, 10494
0.000108346, 4.9632e-05, 5.8072e-05, 2.4646e-05, 1250, 274, 1485
7.3047e-05, 2.3839e-05, 4.8486e-05, 2.1638e-05, 992, 286, 2310
0.000236675, 6.8945e-05, 0.000166146, 8.2836e-05, 1518, 805, 7557
2.9398e-05, 1.2803e-05, 1.5594e-05, 6.966e-06, 500, 96, 726
0.000143606, 4.3683e-05, 9.9081e-05, 4.5768e-05, 1136, 706, 4719
6.8576e-05, 2.684e-05, 4.1209e-05, 1.7834e-05, 1155, 427, 1848
8.2858e-05, 3.2117e-05, 4.9614e-05, 2.1605e-05, 1310, 527, 1914
0.000180605, 5.6703e-05, 0.000122763, 5.4792e-05, 1583, 837, 5676
1.0852e-05, 7.132e-06, 2.909e-06, 6.43e-07, 508, 21, 33
0.000171857, 5.8498e-05, 0.000112797, 5.178e-05, 1738, 904, 5115
8.7095e-05, 3.972e-05, 4.6759e-05, 1.7591e-05, 1172, 302, 1188
5.9542e-05, 2.5643e-05, 3.3312e-05, 1.352e-05, 1180, 319, 1122
0.000239818, 7.2797e-05, 0.000166254, 8.0553e-05, 1828, 1174, 7326
1.818e-05, 1.2716e-05, 4.714e-06, 1.011e-06, 331, 25, 33
0.000248991, 8.626e-05, 0.000161409, 7.6704e-05, 1725, 1141, 6402
0.000140168, 6.3254e-05, 7.618e-05, 2.9303e-05, 1258, 485, 1650
9.99e-05, 3.699e-05, 6.198e-05, 2.4291e-05, 1228, 492, 1947
0.000263023, 0.00010899, 0.00015332, 6.2515e-05, 1616, 1048, 3795
1.7372e-05, 1.282e-05, 3.783e-06, 0, 413, 47, 0
0.000154028, 6.521e-05, 8.8066e-05, 3.5747e-05, 1639, 1051, 3234
0.000135867, 6.8394e-05, 6.6213e-05, 2.3907e-05, 1464, 549, 1254
8.5955e-05, 4.9871e-05, 3.4618e-05, 1.0826e-05, 1414, 536, 825
0.000247819, 0.000119255, 0.000127809, 4.1165e-05, 1790, 1217, 2475
1.3936e-05, 9.324e-06, 3.825e-06, 6.78e-07, 493, 38, 33
0.000243267, 0.000119413, 0.000123214, 3.8364e-05, 1748, 1193, 1914
8.1501e-05, 4.6762e-05, 3.4069e-05, 8.321e-06, 1511, 632, 594
7.9542e-05, 4.3201e-05, 3.567e-05, 1.0578e-05, 1501, 628, 726
0.00017351, 9.2959e-05, 7.9258e-05, 2.4689e-05, 1838, 1311, 1914
1.3144e-05, 9.989e-06, 2.438e-06, 0, 476, 43, 0
0.000304453, 0.000156438, 0.000146991, 3.5397e-05, 1931, 1428, 1683
5.5811e-05, 3.7021e-05, 1.7908e-05, 1.585e-06, 1400, 575, 99
8.1982e-05, 5.7259e-05, 2.3131e-05, 2.983e-06, 1379, 586, 165
0.000174056, 8.7978e-05, 8.4729e-05, 2.7335e-05, 1828, 1369, 2046
1.6705e-05, 1.2464e-05, 3.316e-06, 0, 462, 43, 0
0.000172584, 9.3257e-05, 7.7947e-05, 2.4341e-05, 1853, 1374, 1782
7.7049e-05, 5.4371e-05, 2.1282e-05, 2.84e-06, 1367, 566, 165
7.0842e-05, 4.5026e-05, 2.5021e-05, 2.925e-06, 1388, 594, 132
0.000163889, 8.434e-05, 7.8903e-05, 2.3965e-05, 1828, 1333, 1551
3.1325e-05, 2.8193e-05, 1.768e-06, 0, 443, 49, 0
0.000251815, 0.000125355, 0.000125665, 3.9689e-05, 1761, 1311, 2211
8.5083e-05, 5.4867e-05, 2.9494e-05, 2.857e-06, 1288, 522, 99
5.2291e-05, 3.4628e-05, 1.6911e-05, 1.214e-06, 1274, 508, 66
0.000241018, 0.000133761, 0.000106196, 2.4403e-05, 1735, 1289, 1221
1.0527e-05, 8.071e-06, 1.729e-06, 0, 449, 43, 0
0.000143471, 7.5157e-05, 6.7576e-05, 1.9363e-05, 1720, 1255, 1353
5.8587e-05, 3.846e-05, 1.952e-05, 1.638e-06, 1318, 547, 66
7.7962e-05, 5.6682e-05, 2.05e-05, 2.707e-06, 1310, 537, 99
0.000239648, 0.000123754, 0.000114648, 3.3525e-05, 1723, 1244, 1584
3.0162e-05, 2.7371e-05, 1.494e-06, 0, 442, 42, 0
0.000210403, 0.000114493, 9.5256e-05, 2.2671e-05, 1692, 1225, 1221
5.0766e-05, 3.3408e-05, 1.6638e-05, 2.07e-06, 1263, 490, 99
6.5123e-05, 4.4878e-05, 1.8893e-05, 3.431e-06, 1244, 463, 132
0.000240278, 0.000125078, 0.000114075, 2.8377e-05, 1710, 1258, 1452
1.3072e-05, 1.0537e-05, 1.707e-06, 0, 454, 35, 0
0.000209074, 0.000116739, 9.164e-05, 1.7397e-05, 1654, 1191, 858
6.1142e-05, 4.0185e-05, 2.0158e-05, 1.158e-06, 1337, 554, 66
6.4546e-05, 4.549e-05, 1.7806e-05, 1.22e-06, 1275, 499, 66
0.000212679, 0.000114135, 9.7661e-05, 2.5273e-05, 1680, 1198, 1287
1.0382e-05, 8.178e-06, 1.214e-06, 0, 443, 35, 0
0.00013581, 7.5057e-05, 5.9307e-05, 1.6263e-05, 1667, 1179, 1122
6.1734e-05, 4.327e-05, 1.7069e-05, 1.289e-06, 1243, 465, 66
7.5744e-05, 5.0079e-05, 2.4738e-05, 1.562e-06, 1238, 429, 66
0.000145833, 7.7717e-05, 6.7357e-05, 1.7959e-05, 1691, 1205, 1089
2.2676e-05, 1.9418e-05, 1.823e-06, 0, 454, 34, 0
0.000191755, 0.000108443, 8.2528e-05, 1.7139e-05, 1660, 1175, 858
9.2907e-05, 6.0754e-05, 3.1488e-05, 3.384e-06, 1331, 537, 165
5.8255e-05, 4.439e-05, 1.2461e-05, 0, 1271, 478, 0
0.000205198, 0.000112336, 9.2169e-05, 2.2304e-05, 1673, 1200, 1122
9.608e-06, 7.537e-06, 1.355e-06, 0, 443, 33, 0
0.000117363, 6.8383e-05, 4.8448e-05, 9.025e-06, 1665, 1192, 528
7.5774e-05, 4.9513e-05, 2.5645e-05, 1.639e-06, 1255, 463, 66
7.724e-05, 6.0759e-05, 1.4947e-05, 1.319e-06, 1215, 418, 66
0.000216489, 0.000110595, 0.000105112, 3.0852e-05, 1674, 1210, 1650
1.6799e-05, 1.2487e-05, 3.056e-06, 0, 423, 33, 0
0.00011931, 6.7312e-05, 5.1223e-05, 7.96e-06, 1664, 1133, 528
5.3543e-05, 3.5469e-05, 1.7409e-05, 1.133e-06, 1343, 544, 66
8.3271e-05, 5.4102e-05, 2.7981e-05, 2.726e-06, 1268, 463, 99
0.000208542, 0.000113721, 9.4043e-05, 2.1979e-05, 1676, 1178, 1221
1.3702e-05, 1.0532e-05, 1.948e-06, 0, 427, 34, 0
0.000135177, 6.9674e-05, 6.482e-05, 1.9621e-05, 1709, 1206, 1386
6.624e-05, 4.8071e-05, 1.6579e-05, 7.61e-07, 1299, 504, 33
5.2251e-05, 3.5159e-05, 1.6431e-05, 8.18e-07, 1254, 479, 33
0.000135387, 7.4756e-05, 5.9929e-05, 1.3732e-05, 1675, 1182, 924
9.766e-06, 7.347e-06, 1.735e-06, 0, 421, 33, 0
0.000157533, 9.5658e-05, 6.0153e-05, 1.4932e-05, 1669, 1180, 1056
8.8617e-05, 5.5726e-05, 3.212e-05, 3.516e-06, 1267, 477, 132
5.3123e-05, 3.4985e-05, 1.7402e-05, 1.271e-06, 1264, 460, 66
0.000137646, 8.3148e-05, 5.3185e-05, 1.1711e-05, 1678, 1192, 726
8.527e-06, 6.471e-06, 9.2e-07, 0, 419, 32, 0
0.000225663, 0.000114314, 0.000110484, 3.1399e-05, 1702, 1218, 1716
5.6321e-05, 3.8372e-05, 1.7126e-05, 1.312e-06, 1308, 502, 66
7.7233e-05, 6.1348e-05, 1.4988e-05, 5.63e-07, 1272, 475, 33
0.000206283, 0.000116737, 8.8814e-05, 2.0008e-05, 1672, 1180, 1089
3.049e-05, 2.7758e-05, 1.383e-06, 0, 431, 37, 0
0.000206867, 0.000119216, 8.6833e-05, 1.6562e-05, 1669, 1181, 792
6.2724e-05, 4.5763e-05, 1.5508e-05, 7.66e-07, 1287, 479, 33
7.23e-05, 5.3597e-05, 1.7412e-05, 1.956e-06, 1288, 482, 66
0.0001604, 0.000104164, 5.5479e-05, 1.3692e-05, 1702, 1198, 858
1.3806e-05, 1.0717e-05, 2.011e-06, 0, 414, 30, 0
0.000134648, 6.9985e-05, 6.4001e-05, 1.8231e-05, 1706, 1218, 1320
4.9638e-05, 3.5026e-05, 1.3828e-05, 0, 1308, 512, 0
0.00010515, 7.0396e-05, 3.3943e-05, 1.331e-06, 1285, 485, 33
0.00014418, 8.397e-05, 5.8758e-05, 1.3944e-05, 1689, 1197, 957
2.435e-05, 2.1651e-05, 1.307e-06, 0, 437, 38, 0
0.00020769, 0.00012867, 7.7998e-05, 1.2289e-05, 1680, 1191, 594
5.9787e-05, 4.457e-05, 1.4306e-05, 0, 1293, 493, 0
7.7749e-05, 6.0197e-05, 1.6179e-05, 8.69e-07, 1310, 491, 33
0.000141776, 8.8475e-05, 5.2689e-05, 1.2118e-05, 1688, 1182, 825
9.45e-06, 7.33e-06, 1.376e-06, 0, 435, 36, 0
0.000226179, 0.000121883, 0.000102922, 2.1663e-05, 1694, 1201, 990
7.1455e-05, 5.1617e-05, 1.8375e-05, 1.821e-06, 1266, 481, 99
8.4577e-05, 5.4923e-05, 2.9112e-05, 2.838e-06, 1301, 501, 99
0.000137222, 8.1957e-05, 5.3657e-05, 1.1783e-05, 1668, 1191, 660
1.4231e-05, 1.0471e-05, 2.361e-06, 0, 432, 36, 0
0.000200578, 0.000116034, 8.3897e-05, 1.4094e-05, 1676, 1190, 726
6.6689e-05, 4.7333e-05, 1.7865e-05, 1.752e-06, 1274, 498, 66
5.3843e-05, 3.5719e-05, 1.7276e-05, 1.332e-06, 1312, 517, 33
0.000139401, 8.5238e-05, 5.3604e-05, 1.2204e-05, 1663, 1169, 825
1.1697e-05, 9.106e-06, 1.899e-06, 0, 431, 42, 0
0.000162012, 9.9402e-05, 6.1018e-05, 1.4904e-05, 1684, 1210, 1023
6.475e-05, 4.9483e-05, 1.3714e-05, 0, 1240, 475, 0
8.3707e-05, 5.6582e-05, 2.6362e-05, 9.93e-07, 1271, 494, 33
0.000134728, 7.9599e-05, 5.4274e-05, 1.0122e-05, 1671, 1206, 594
1.0292e-05, 7.933e-06, 1.543e-06, 0, 445, 42, 0
0.000123668, 6.908e-05, 5.3932e-05, 1.1868e-05, 1658, 1190, 792
5.3181e-05, 3.5452e-05, 1.7094e-05, 8.71e-07, 1286, 507, 33
6.9174e-05, 4.8414e-05, 1.947e-05, 1.99e-06, 1328, 521, 99
0.000206888, 0.000117545, 8.8573e-05, 1.7536e-05, 1691, 1205, 858
2.5055e-05, 2.1503e-05, 2.17e-06, 0, 434, 47, 0
0.000229012, 0.000133639, 9.448e-05, 1.6351e-05, 1721, 1261, 792
7.8423e-05, 5.1135e-05, 2.6577e-05, 1.305e-06, 1253, 482, 33
6.7784e-05, 5.0855e-05, 1.6113e-05, 1.128e-06, 1298, 516, 66
0.000137071, 8.1292e-05, 5.5077e-05, 1.144e-05, 1682, 1234, 693
9.362e-06, 7.345e-06, 1.265e-06, 0, 462, 40, 0
0.000122031, 6.9308e-05, 5.2071e-05, 1.0565e-05, 1656, 1195, 726
0.000116226, 8.128e-05, 3.3295e-05, 1.691e-06, 1304, 519, 66
8.5257e-05, 5.7935e-05, 2.6341e-05, 0, 1320, 534, 0
0.000117724, 6.7256e-05, 4.9788e-05, 9.684e-06, 1687, 1200, 627
2.8759e-05, 2.5636e-05, 1.737e-06, 0, 438, 45, 0
0.000143134, 9.0591e-05, 5.1231e-05, 1.0489e-05, 1697, 1229, 594
5.4836e-05, 4.172e-05, 1.1876e-05, 0, 1244, 480, 0
7.8595e-05, 5.3767e-05, 2.3889e-05, 0, 1271, 495, 0
0.000127955, 7.5586e-05, 5.1675e-05, 8.072e-06, 1688, 1236, 495
3.0541e-05, 2.7439e-05, 1.581e-06, 0, 450, 39, 0
0.000223251, 0.00012112, 0.000101127, 2.0291e-05, 1694, 1234, 957
5.0783e-05, 3.6083e-05, 1.3963e-05, 0, 1332, 541, 0
5.4942e-05, 3.5214e-05, 1.9069e-05, 1.805e-06, 1310, 523, 66
0.000225096, 0.000138585, 8.5794e-05, 1.2498e-05, 1705, 1220, 561
1.4096e-05, 1.0666e-05, 2.653e-06, 0, 448, 45, 0
0.000118687, 6.9727e-05, 4.8342e-05, 7.908e-06, 1680, 1219, 495
4.9165e-05, 3.4919e-05, 1.3583e-05, 0, 1269, 503, 0
4.7071e-05, 3.2119e-05, 1.4304e-05, 7.09e-07, 1243, 457, 33
0.00012915, 7.2516e-05, 5.5947e-05, 1.1354e-05, 1737, 1292, 693
1.5285e-05, 1.1726e-05, 2.771e-06, 0, 460, 42, 0
0.000128619, 7.2361e-05, 5.5655e-05, 9.728e-06, 1680, 1218, 594
5.8122e-05, 3.8918e-05, 1.8681e-05, 8.08e-07, 1341, 571, 33
5.134e-05, 3.52e-05, 1.5368e-05, 7.07e-07, 1267, 497, 33
0.000120633, 7.3546e-05, 4.6257e-05, 6.228e-06, 1696, 1220, 396
1.6209e-05, 1.2741e-05, 2.919e-06, 0, 448, 47, 0
0.000125685, 7.4016e-05, 5.0885e-05, 8.226e-06, 1678, 1226, 561
8.0704e-05, 5.4092e-05, 2.582e-05, 0, 1250, 513, 0
4.219e-05, 3.0329e-05, 1.1175e-05, 0, 1221, 459, 0
0.000244803, 0.000146165, 9.7862e-05, 1.7024e-05, 1734, 1289, 858
8.991e-06, 6.861e-06, 1.612e-06, 0, 451, 47, 0
0.000124923, 7.2618e-05, 5.1481e-05, 9.008e-06, 1727, 1246, 627
5.8841e-05, 3.9613e-05, 1.8816e-05, 6.69e-07, 1350, 576, 33
8.7576e-05, 5.5333e-05, 3.141e-05, 2.162e-06, 1292, 530, 99
0.000131702, 7.3143e-05, 5.7857e-05, 1.1545e-05, 1724, 1253, 792
9.724e-06, 7.417e-06, 1.928e-06, 0, 457, 46, 0
0.000134228, 7.7171e-05, 5.6314e-05, 9.345e-06, 1692, 1237, 594
4.8787e-05, 3.3612e-05, 1.4187e-05, 0, 1261, 500, 0
5.0439e-05, 3.3265e-05, 1.6762e-05, 1.429e-06, 1243, 460, 66
0.000149015, 8.6848e-05, 6.1398e-05, 1.4161e-05, 1734, 1276, 957
9.057e-06, 6.854e-06, 1.411e-06, 0, 434, 45, 0
0.00019859, 0.000120276, 7.7556e-05, 8.799e-06, 1729, 1214, 429
9.1871e-05, 6.1996e-05, 2.9101e-05, 0, 1358, 583, 0
5.0265e-05, 3.6019e-05, 1.3522e-05, 0, 1284, 506, 0
0.000130883, 7.4164e-05, 5.6073e-05, 1.2153e-05, 1704, 1233, 891
8.8e-06, 6.963e-06, 1.361e-06, 0, 437, 46, 0
0.000135891, 7.7987e-05, 5.6923e-05, 1.0317e-05, 1733, 1250, 594
5.58e-05, 3.8128e-05, 1.6699e-05, 0, 1315, 542, 0
5.6278e-05, 3.6557e-05, 1.9153e-05, 1.908e-06, 1292, 517, 66
0.000219553, 0.000132949, 8.583e-05, 1.1552e-05, 1724, 1246, 594
1.0311e-05, 7.892e-06, 1.854e-06, 0, 445, 40, 0
0.000131838, 7.9384e-05, 5.1746e-05, 6.555e-06, 1691, 1226, 363
8.0778e-05, 5.366e-05, 2.6563e-05, 0, 1271, 506, 0
5.0804e-05, 3.5597e-05, 1.4496e-05, 0, 1298, 500, 0
0.000116235, 7.053e-05, 4.4771e-05, 6.484e-06, 1725, 1249, 429
1.3121e-05, 9.806e-06, 2.758e-06, 0, 433, 42, 0
0.00020162, 0.000118945, 8.2283e-05, 1.2403e-05, 1737, 1251, 627
5.5483e-05, 3.6843e-05, 1.7806e-05, 2.013e-06, 1304, 524, 99
5.7413e-05, 3.8313e-05, 1.8487e-05, 8.34e-07, 1298, 508, 33
0.000122475, 7.2211e-05, 4.9614e-05, 7.17e-06, 1717, 1236, 462
9.334e-06, 6.975e-06, 1.897e-06, 0, 430, 45, 0
0.000141388, 8.3424e-05, 5.7197e-05, 1.1844e-05, 1698, 1227, 726
8.9488e-05, 5.7931e-05, 3.0792e-05, 9.77e-07, 1286, 529, 33
5.8014e-05, 3.9725e-05, 1.7364e-05, 7.87e-07, 1304, 520, 33
0.000137285, 7.8133e-05, 5.8431e-05, 1.2401e-05, 1711, 1225, 759
8.571e-06, 6.509e-06, 1.589e-06, 0, 428, 44, 0
0.000131634, 8.1023e-05, 5.0182e-05, 8.328e-06, 1721, 1244, 528
5.1716e-05, 3.4985e-05, 1.62e-05, 0, 1284, 515, 0
5.051e-05, 3.4984e-05, 1.4829e-05, 0, 1286, 513, 0
0.000184895, 0.000111433, 7.272e-05, 6.361e-06, 1693, 1208, 297
1.0783e-05, 8.02e-06, 2.085e-06, 0, 429, 44, 0
0.00012038, 7.5323e-05, 4.4445e-05, 4.496e-06, 1690, 1216, 264
5.4238e-05, 3.6425e-05, 1.6773e-05, 7.35e-07, 1296, 531, 33
5.6887e-05, 4.0442e-05, 1.5573e-05, 0, 1302, 517, 0
0.000136411, 8.4947e-05, 5.0714e-05, 5.602e-06, 1705, 1217, 264
1.4599e-05, 1.0784e-05, 2.978e-06, 0, 438, 46, 0
0.000124691, 7.2639e-05, 5.1247e-05, 9.742e-06, 1709, 1229, 627
7.8574e-05, 5.2682e-05, 2.4947e-05, 0, 1276, 507, 0
5.2784e-05, 3.6336e-05, 1.5761e-05, 0, 1290, 500, 0
0.000176315, 0.00011582, 5.9537e-05, 5.07e-06, 1678, 1211, 264
1.3179e-05, 1.0169e-05, 2.442e-06, 0, 449, 44, 0
0.000189575, 0.000113637, 7.5222e-05, 8.973e-06, 1683, 1217, 396
6.6002e-05, 4.6226e-05, 1.8339e-05, 7.23e-07, 1299, 528, 33
4.9976e-05, 3.4729e-05, 1.4501e-05, 0, 1311, 518, 0
0.000121834, 7.2095e-05, 4.9047e-05, 7.778e-06, 1659, 1179, 429
1.4661e-05, 1.0939e-05, 3.182e-06, 0, 445, 50, 0
0.000192811, 0.00011604, 7.5907e-05, 6.847e-06, 1708, 1234, 330
6.379e-05, 4.9645e-05, 1.2479e-05, 0, 1264, 492, 0
4.5688e-05, 3.1868e-05, 1.3184e-05, 0, 1297, 504, 0
0.000112592, 6.9077e-05, 4.2906e-05, 5.675e-06, 1652, 1202, 363
1.4862e-05, 1.1363e-05, 2.616e-06, 0, 450, 43, 0
0.000119855, 6.8737e-05, 5.0049e-05, 6.155e-06, 1667, 1196, 363
5.5283e-05, 3.7671e-05, 1.6968e-05, 0, 1282, 522, 0
5.5037e-05, 3.6221e-05, 1.8064e-05, 1.249e-06, 1309, 529, 66
0.000118496, 7.4612e-05, 4.3113e-05, 5.805e-06, 1689, 1205, 330
1.5837e-05, 1.2533e-05, 2.745e-06, 0, 431, 46, 0
0.000119981, 7.7329e-05, 4.1955e-05, 4.615e-06, 1704, 1231, 264
4.3216e-05, 2.9747e-05, 1.2691e-05, 0, 1244, 486, 0
5.2182e-05, 3.7878e-05, 1.3442e-05, 0, 1302, 519, 0
0.000115126, 7.1482e-05, 4.3007e-05, 4.333e-06, 1686, 1249, 231
8.799e-06, 6.608e-06, 1.718e-06, 0, 447, 42, 0
0.00011842, 6.9226e-05, 4.86e-05, 9.388e-06, 1697, 1220, 561
5.0861e-05, 3.4347e-05, 1.5864e-05, 6.89e-07, 1285, 509, 33
5.2887e-05, 3.6614e-05, 1.4955e-05, 0, 1313, 535, 0
0.000118199, 7.4299e-05, 4.3266e-05, 5.11e-06, 1707, 1203, 297
9.073e-06, 7.023e-06, 1.573e-06, 0, 431, 44, 0
0.000131641, 7.7357e-05, 5.3792e-05, 1.0854e-05, 1707, 1244, 594
6.4706e-05, 4.4419e-05, 1.9616e-05, 1.029e-06, 1252, 487, 33
5.2921e-05, 3.5476e-05, 1.6473e-05, 7.93e-07, 1278, 500, 33
0.000128745, 7.4054e-05, 5.4037e-05, 1.0153e-05, 1701, 1259, 594
9.819e-06, 7.372e-06, 1.557e-06, 0, 454, 39, 0
0.000116735, 7.107e-05, 4.4921e-05, 6.411e-06, 1676, 1210, 429
8.3194e-05, 5.3451e-05, 2.8638e-05, 1.892e-06, 1301, 536, 66
8.5793e-05, 5.6459e-05, 2.8541e-05, 1.182e-06, 1299, 520, 33
0.000131852, 7.5192e-05, 5.5839e-05, 9.522e-06, 1709, 1235, 495
1.4202e-05, 1.0883e-05, 2.813e-06, 0, 454, 48, 0
0.000116766, 7.2914e-05, 4.3462e-05, 5.728e-06, 1674, 1219, 363
4.7797e-05, 3.1503e-05, 1.5628e-05, 7.25e-07, 1276, 516, 33
7.0391e-05, 4.8061e-05, 2.1709e-05, 0, 1244, 472, 0
0.000125373, 7.9087e-05, 4.552e-05, 4.63e-06, 1741, 1298, 231
1.2747e-05, 9.406e-06, 2.859e-06, 0, 448, 42, 0
0.00015435, 9.1917e-05, 6.1753e-05, 8.116e-06, 1703, 1239, 429
5.8398e-05, 4.2135e-05, 1.5773e-05, 0, 1326, 556, 0
8.5636e-05, 5.5152e-05, 2.9795e-05, 8.87e-07, 1289, 514, 33
0.000197033, 0.000123334, 7.2916e-05, 6.088e-06, 1733, 1250, 264
1.0129e-05, 7.928e-06, 1.716e-06, 0, 449, 47, 0
0.000121325, 7.1748e-05, 4.8901e-05, 8.258e-06, 1712, 1241, 528
4.8154e-05, 3.3194e-05, 1.4549e-05, 6.08e-07, 1259, 508, 33
8.2762e-05, 5.3738e-05, 2.7164e-05, 0, 1226, 454, 0
0.00012816, 7.998e-05, 4.7698e-05, 3.315e-06, 1755, 1307, 165
8.912e-06, 6.842e-06, 1.62e-06, 0, 443, 43, 0
0.000153223, 0.000103813, 4.8929e-05, 4.598e-06, 1715, 1246, 231
7.0858e-05, 5.2404e-05, 1.7068e-05, 1.378e-06, 1328, 580, 33
5.3643e-05, 3.8014e-05, 1.419e-05, 0, 1282, 523, 0
0.000122571, 7.5998e-05, 4.6021e-05, 6.285e-06, 1718, 1248, 363
1.4895e-05, 1.1462e-05, 2.864e-06, 0, 447, 50, 0
0.00012266, 7.8564e-05, 4.3547e-05, 3.576e-06, 1690, 1235, 198
4.9907e-05, 3.3128e-05, 1.6042e-05, 1.429e-06, 1262, 498, 66
4.8018e-05, 3.1504e-05, 1.567e-05, 1.726e-06, 1234, 457, 66
0.000129923, 7.978e-05, 4.9505e-05, 6.145e-06, 1737, 1294, 363
1.4579e-05, 1.1338e-05, 2.655e-06, 0, 441, 50, 0
0.000118521, 6.955e-05, 4.823e-05, 7.286e-06, 1714, 1217, 462
6.5485e-05, 4.4427e-05, 2.0609e-05, 1.184e-06, 1340, 583, 33
5.0869e-05, 3.6056e-05, 1.4057e-05, 0, 1257, 482, 0
0.00012146, 7.8585e-05, 4.2415e-05, 4.009e-06, 1717, 1250, 264
1.514e-05, 1.1098e-05, 3.433e-06, 0, 435, 50, 0
0.000131009, 8.1516e-05, 4.8691e-05, 6.195e-06, 1729, 1254, 363
5.7279e-05, 3.8324e-05, 1.8214e-05, 1.127e-06, 1316, 543, 33
5.8274e-05, 4.1392e-05, 1.5992e-05, 0, 1274, 517, 0
0.0001215, 7.5884e-05, 4.4828e-05, 6.344e-06, 1728, 1268, 297
1.0297e-05, 8.158e-06, 1.628e-06, 0, 437, 43, 0
0.000122131, 7.5906e-05, 4.554e-05, 5.012e-06, 1702, 1226, 297
6.3132e-05, 4.5855e-05, 1.6861e-05, 0, 1296, 532, 0
5.0185e-05, 3.509e-05, 1.4432e-05, 0, 1265, 505, 0
0.000129683, 8.0592e-05, 4.8378e-05, 6.551e-06, 1729, 1264, 396
1.0073e-05, 7.942e-06, 1.662e-06, 0, 436, 48, 0
0.000129549, 7.906e-05, 4.9669e-05, 6.283e-06, 1753, 1281, 363
8.1029e-05, 5.5722e-05, 2.4466e-05, 0, 1309, 538, 0
6.7522e-05, 4.4351e-05, 2.2296e-05, 1e-06, 1282, 516, 33
0.000126898, 7.8011e-05, 4.8173e-05, 5.938e-06, 1743, 1263, 330
1.3568e-05, 1.0262e-05, 2.753e-06, 0, 434, 49, 0
0.000200149, 0.000122105, 7.7151e-05, 4.404e-06, 1698, 1237, 165
8.7567e-05, 5.7805e-05, 2.9414e-05, 1.151e-06, 1287, 526, 33
5.1723e-05, 3.5739e-05, 1.5209e-05, 0, 1303, 527, 0
0.000210943, 0.000124659, 8.5432e-05, 1.0523e-05, 1708, 1243, 462
1.437e-05, 1.0631e-05, 3.173e-06, 0, 432, 48, 0
0.000220528, 0.000134846, 8.488e-05, 8.142e-06, 1745, 1273, 396
5.3294e-05, 3.7281e-05, 1.5025e-05, 0, 1317, 534, 0
4.8877e-05, 3.418e-05, 1.3996e-05, 0, 1298, 529, 0
0.000115144, 7.0505e-05, 4.3935e-05, 5.764e-06, 1720, 1249, 330
8.807e-06, 6.821e-06, 1.618e-06, 0, 440, 46, 0
0.000184889, 0.000114934, 6.92e-05, 4.229e-06, 1704, 1237, 198
5.8031e-05, 3.856e-05, 1.8965e-05, 7.99e-07, 1296, 532, 33
8.8599e-05, 5.8289e-05, 2.9602e-05, 1.096e-06, 1312, 528, 33
0.000128726, 8.057e-05, 4.7431e-05, 6.212e-06, 1702, 1231, 363
1.4295e-05, 9.908e-06, 3.795e-06, 0, 434, 49, 0
0.000123336, 7.6488e-05, 4.5498e-05, 5.367e-06, 1710, 1234, 297
7.6855e-05, 5.3437e-05, 2.2401e-05, 0, 1290, 518, 0
5.0473e-05, 3.368e-05, 1.6158e-05, 6.35e-07, 1279, 499, 33
0.00013943, 8.0476e-05, 5.8096e-05, 1.2291e-05, 1717, 1248, 792
1.0856e-05, 8.445e-06, 1.954e-06, 0, 446, 45, 0
0.000129763, 8.0703e-05, 4.8515e-05, 7.019e-06, 1722, 1249, 429
5.2769e-05, 3.5412e-05, 1.7014e-05, 6.94e-07, 1305, 547, 33
8.3055e-05, 5.7138e-05, 2.5272e-05, 0, 1330, 548, 0
0.000197941, 0.000119796, 7.7426e-05, 7.994e-06, 1701, 1210, 363
1.485e-05, 1.1443e-05, 2.872e-06, 0, 444, 50, 0
0.000123913, 8.0077e-05, 4.3009e-05, 4.028e-06, 1724, 1264, 198
8.3431e-05, 5.4889e-05, 2.7964e-05, 1.693e-06, 1269, 509, 66
7.4381e-05, 5.0629e-05, 2.2894e-05, 0, 1307, 521, 0
0.000120264, 7.4647e-05, 4.4934e-05, 5.367e-06, 1713, 1268, 330
1.0913e-05, 8.232e-06, 2.263e-06, 0, 459, 45, 0
0.000212582, 0.000121539, 9.0227e-05, 8.525e-06, 1706, 1248, 429
6.9727e-05, 4.0717e-05, 2.8511e-05, 8.34e-07, 1292, 532, 33
5.963e-05, 4.1287e-05, 1.6938e-05, 6.87e-07, 1337, 547, 33
0.000137294, 8.6405e-05, 5.0276e-05, 8.059e-06, 1712, 1231, 462
9.803e-06, 7.403e-06, 1.61e-06, 0, 444, 50, 0
0.000123735, 7.3614e-05, 4.9484e-05, 7.628e-06, 1739, 1285, 561
5.4244e-05, 3.6393e-05, 1.7135e-05, 1.03e-06, 1277, 516, 33
5.2064e-05, 3.7503e-05, 1.3646e-05, 0, 1307, 523, 0
0.000201415, 0.000116571, 8.4115e-05, 1.1532e-05, 1709, 1282, 660
1.4629e-05, 1.0777e-05, 3.323e-06, 0, 470, 47, 0
0.000127102, 7.9888e-05, 4.6486e-05, 5.617e-06, 1703, 1253, 297
4.8201e-05, 3.3759e-05, 1.3659e-05, 0, 1298, 532, 0
5.2876e-05, 3.7166e-05, 1.4981e-05, 0, 1331, 542, 0
0.000130163, 8.644e-05, 4.3078e-05, 3.688e-06, 1719, 1223, 198
9.39e-06, 7.259e-06, 1.579e-06, 0, 447, 48, 0
0.000124753, 7.5801e-05, 4.8544e-05, 7.854e-06, 1701, 1240, 429
5.2612e-05, 3.6239e-05, 1.5711e-05, 7.28e-07, 1261, 502, 33
5.4421e-05, 3.5429e-05, 1.7784e-05, 1.372e-06, 1277, 505, 66
0.000198744, 0.00011971, 7.8244e-05, 6.092e-06, 1689, 1250, 297
9.678e-06, 7.394e-06, 1.761e-06, 0, 458, 50, 0
0.000118746, 7.3643e-05, 4.4414e-05, 5.038e-06, 1688, 1237, 264
5.1365e-05, 3.4231e-05, 1.671e-05, 6.62e-07, 1306, 537, 33
5.2876e-05, 3.6973e-05, 1.5218e-05, 0, 1307, 526, 0
0.000196171, 0.000122756, 7.2666e-05, 4.28e-06, 1716, 1238, 231
1.7151e-05, 1.182e-05, 3.632e-06, 0, 463, 48, 0
0.000184864, 0.00011187, 7.2024e-05, 6.161e-06, 1675, 1217, 264
5.1551e-05, 3.7597e-05, 1.2989e-05, 0, 1286, 514, 0
5.0371e-05, 3.5376e-05, 1.4179e-05, 0, 1258, 474, 0
0.000140099, 9.2152e-05, 4.7118e-05, 3.192e-06, 1695, 1248, 132
8.739e-06, 6.602e-06, 1.478e-06, 0, 462, 46, 0
0.000116689, 7.3633e-05, 4.228e-05, 5.591e-06, 1695, 1217, 330
5.4695e-05, 3.8379e-05, 1.5581e-05, 0, 1335, 565, 0
5.2576e-05, 3.64e-05, 1.5411e-05, 0, 1300, 518, 0
0.000112473, 7.1318e-05, 4.0527e-05, 3.542e-06, 1706, 1237, 198
9.883e-06, 7.787e-06, 1.639e-06, 0, 472, 50, 0
0.000121619, 7.3284e-05, 4.7778e-05, 7e-06, 1664, 1220, 429
6.2999e-05, 4.1484e-05, 2.0962e-05, 0, 1261, 508, 0
4.3206e-05, 2.9539e-05, 1.2896e-05, 5.77e-07, 1240, 459, 33
0.000197484, 0.000120658, 7.5717e-05, 6.944e-06, 1716, 1263, 330
8.21e-06, 6.315e-06, 1.318e-06, 0, 432, 44, 0
0.000118212, 7.0981e-05, 4.6277e-05, 4.804e-06, 1651, 1174, 297
6.4485e-05, 4.3199e-05, 1.9897e-05, 1.038e-06, 1336, 569, 33
8.1956e-05, 5.3432e-05, 2.787e-05, 9.03e-07, 1275, 501, 33
0.000112209, 6.8173e-05, 4.3222e-05, 5.037e-06, 1687, 1223, 297
1.3754e-05, 1.0616e-05, 2.578e-06, 0, 453, 47, 0
0.000184724, 0.000114675, 6.9243e-05, 4.462e-06, 1683, 1236, 198
5.9949e-05, 4.3187e-05, 1.5458e-05, 0, 1252, 503, 0
4.9102e-05, 3.2686e-05, 1.596e-05, 7.58e-07, 1226, 459, 33
0.000208204, 0.000130708, 7.669e-05, 6.823e-06, 1726, 1279, 231
1.2453e-05, 9.203e-06, 2.283e-06, 0, 443, 47, 0
0.000112779, 6.884e-05, 4.3272e-05, 5.862e-06, 1705, 1202, 363
9.4264e-05, 4.202e-05, 5.1789e-05, 9.99e-07, 1329, 572, 33
4.671e-05, 3.1715e-05, 1.4383e-05, 8.29e-07, 1259, 481, 33
0.000120759, 7.4915e-05, 4.5127e-05, 5.421e-06, 1707, 1229, 297
1.0048e-05, 8.038e-06, 1.494e-06, 0, 433, 46, 0
0.000162227, 0.000121716, 3.9786e-05, 2.14e-06, 1730, 1246, 99
4.9821e-05, 3.4656e-05, 1.4433e-05, 0, 1297, 531, 0
8.3918e-05, 5.8413e-05, 2.4419e-05, 0, 1279, 513, 0
0.000212256, 0.000130367, 8.0822e-05, 6.715e-06, 1746, 1279, 297
1.3345e-05, 1.0155e-05, 2.379e-06, 0, 432, 42, 0
0.000124896, 7.6215e-05, 4.825e-05, 8.727e-06, 1716, 1256, 528
5.764e-05, 3.8577e-05, 1.8526e-05, 0, 1292, 536, 0
5.1615e-05, 3.5028e-05, 1.5967e-05, 7.87e-07, 1285, 515, 33
0.000196808, 0.00012167, 7.4556e-05, 4.619e-06, 1734, 1272, 198
1.3468e-05, 1.0226e-05, 2.71e-06, 0, 430, 46, 0
0.000124722, 7.7085e-05, 4.6894e-05, 5.566e-06, 1758, 1281, 297
5.4281e-05, 3.6691e-05, 1.6899e-05, 6.79e-07, 1300, 529, 33
8.0815e-05, 5.178e-05, 2.8347e-05, 1.661e-06, 1274, 515, 66
0.000123571, 7.7283e-05, 4.5559e-05, 4.239e-06, 1756, 1284, 231
1.266e-05, 9.689e-06, 2.42e-06, 0, 430, 44, 0
0.000194573, 0.000119084, 7.4407e-05, 3.787e-06, 1712, 1243, 132
8.4881e-05, 5.6527e-05, 2.7794e-05, 0, 1288, 524, 0
7.2152e-05, 4.9923e-05, 2.0827e-05, 0, 1310, 534, 0
0.000190982, 0.000118063, 7.2254e-05, 4.077e-06, 1714, 1240, 198
1.0475e-05, 7.788e-06, 2.093e-06, 0, 425, 50, 0
0.000194269, 0.000119706, 7.3768e-05, 5.594e-06, 1736, 1251, 198
5.5437e-05, 3.8103e-05, 1.6357e-05, 0, 1305, 525, 0
8.9568e-05, 5.6009e-05, 3.2543e-05, 1.12e-06, 1268, 509, 33
0.000134878, 9.3036e-05, 4.1367e-05, 2.104e-06, 1721, 1247, 99
1.1016e-05, 8.499e-06, 1.998e-06, 0, 428, 50, 0
0.00016863, 0.000126928, 4.045e-05, 1.803e-06, 1711, 1230, 99
5.4284e-05, 3.5117e-05, 1.8449e-05, 0, 1296, 535, 0
7.9315e-05, 5.3764e-05, 2.4496e-05, 0, 1288, 515, 0
0.000197068, 0.00011808, 7.8088e-05, 6.126e-06, 1698, 1222, 297
1.1284e-05, 8.848e-06, 1.671e-06, 0, 433, 48, 0
0.000191359, 0.000119668, 7.0974e-05, 3.172e-06, 1721, 1243, 132
7.6064e-05, 5.1893e-05, 2.3292e-05, 0, 1278, 524, 0
5.3678e-05, 3.2838e-05, 1.9662e-05, 3.475e-06, 1288, 507, 198
0.000127139, 7.8392e-05, 4.8039e-05, 7.873e-06, 1713, 1244, 495
2.2251e-05, 1.3384e-05, 8.485e-06, 1.967e-06, 487, 48, 66
0.00023114, 7.4978e-05, 0.000155482, 7.0136e-05, 1864, 1106, 7590
0.000185184, 7.0736e-05, 0.000113575, 5.1066e-05, 1692, 912, 4125
0.000156815, 6.3142e-05, 9.2908e-05, 3.6171e-05, 1621, 860, 2871
0.000202992, 7.1209e-05, 0.00013067, 6.1176e-05, 608, 548, 3696
0.000167093, 6.4074e-05, 0.000102261, 4.5169e-05, 1636, 707, 3168
0.000143902, 5.1498e-05, 9.1801e-05, 4.1024e-05, 1428, 662, 4191
0.000180629, 5.0061e-05, 0.000129656, 6.3861e-05, 1440, 722, 5082
0.000319064, 8.1873e-05, 0.000236415, 9.3361e-05, 1521, 1127, 7491
2.2324e-05, 1.343e-05, 8.198e-06, 2.829e-06, 444, 50, 132
0.00042239, 0.000133936, 0.000287747, 0.000148227, 1765, 1243, 9504
0.000141878, 4.9324e-05, 9.1778e-05, 4.1691e-05, 1409, 571, 3432
0.000128988, 4.8924e-05, 7.9262e-05, 3.4881e-05, 1364, 581, 2541
0.000262719, 7.3604e-05, 0.000188585, 9.0825e-05, 1651, 1111, 8316
7.3032e-05, 4.5579e-05, 2.5995e-05, 1.1626e-05, 953, 95, 858
0.000358492, 0.000100592, 0.000256578, 0.000128893, 2021, 1138, 12804
0.000172578, 4.7927e-05, 0.000123974, 5.5418e-05, 1354, 601, 5313
0.000129509, 4.4555e-05, 8.3329e-05, 3.7896e-05, 1286, 578, 3036
0.00018622, 6.8751e-05, 0.000116853, 5.5333e-05, 2022, 892, 4653
3.0785e-05, 2.4963e-05, 4.493e-06, 6.97e-07, 167, 66, 33
0.000329036, 0.000123783, 0.000204479, 9.5765e-05, 2018, 944, 5973
0.000104938, 3.8527e-05, 6.5756e-05, 2.9177e-05, 1288, 481, 2376
0.000105318, 3.3728e-05, 7.0667e-05, 3.3963e-05, 1284, 447, 3696
0.000185765, 5.6933e-05, 0.000127705, 6.3317e-05, 977, 587, 5907
0.000190868, 4.3218e-05, 0.000146956, 7.3274e-05, 1088, 639, 7194
0.000237611, 5.6894e-05, 0.000180115, 8.5621e-05, 1337, 831, 9339
0.000126438, 4.9488e-05, 7.5435e-05, 3.5123e-05, 656, 471, 3465
0.00020875, 7.1635e-05, 0.000135958, 6.9307e-05, 1097, 627, 6105
0.000260848, 5.4715e-05, 0.000204731, 0.000103215, 745, 610, 7920
0.000405381, 6.9446e-05, 0.000335043, 0.000168817, 1352, 888, 17820
0.000510468, 6.7819e-05, 0.000442077, 0.000223698, 1346, 1057, 26499
0.0013038, 0.000210336, 0.00109258, 0.000603614, 2184, 1908, 48873
0.000109696, 2.1108e-05, 8.7804e-05, 4.9347e-05, 348, 190, 4554
0.00107389, 0.000166637, 0.000906318, 0.000512556, 2194, 1476, 44319
0.000349653, 4.5751e-05, 0.000303162, 0.000153114, 1022, 705, 17688
0.000306934, 4.5437e-05, 0.00026082, 0.000133499, 1103, 770, 18909
0.000475597, 7.6512e-05, 0.000398205, 0.000198167, 1884, 1102, 26169
4.3782e-05, 1.9748e-05, 2.2545e-05, 9.061e-06, 173, 43, 924
0.000530183, 8.3184e-05, 0.000446438, 0.000223995, 1985, 1384, 29073
0.000359669, 7.3258e-05, 0.000285521, 0.000154522, 1163, 795, 12639
0.000196991, 4.1089e-05, 0.000155147, 7.2448e-05, 1092, 669, 8052
0.000606776, 9.3867e-05, 0.000512299, 0.000253199, 2319, 1667, 31317
4.343e-06, 1.344e-06, 2.39e-06, 7.47e-07, 1, 1, 33
0.000614448, 9.9712e-05, 0.000513891, 0.000253776, 2532, 1653, 29568
6.7848e-05, 2.1143e-05, 4.596e-05, 2.1869e-05, 875, 149, 1584
4.4859e-05, 1.2364e-05, 3.1824e-05, 1.565e-05, 656, 65, 1155
0.000244489, 8.2088e-05, 0.000161761, 7.9033e-05, 2492, 721, 6765
8.2565e-05, 3.3615e-05, 4.7662e-05, 2.2869e-05, 2076, 102, 1947
5.496e-06, 4.581e-06, 1.46e-07, 0, 463, 0, 0
4.848e-06, 3.909e-06, 1.65e-07, 0, 302, 0, 0
2.0758e-05, 1.9963e-05, 1.7e-07, 0, 1719, 0, 0
1.416e-05, 1.3098e-05, 1.5e-07, 0, 1502, 0, 0
2.37e-06, 1.019e-06, 1.8e-07, 0, 30, 0, 0
5.647e-06, 3.124e-06, 4.12e-07, 0, 21, 0, 0
1.4859e-05, 1.3731e-05, 1.6e-07, 0, 1067, 0, 0
1.0912e-05, 9.868e-06, 1.77e-07, 0, 719, 0, 0
4.9159e-05, 1.7342e-05, 3.11e-05, 1.3463e-05, 285, 147, 990
5.0716e-05, 1.5256e-05, 3.4744e-05, 1.5465e-05, 65, 64, 759
